<?xml version="1.0" encoding="utf-8"?>
<!DOCTYPE modification SYSTEM "http://www.simplemachines.org/xml/modification">

<modification xmlns="http://www.simplemachines.org/xml/modification" xmlns:smf="http://www.simplemachines.org/">
	<id>zarej:SP Articles RSS</id>
	<version>0.2</version>

	<file name="$sourcedir/News.php">
		<operation>
			<search position="after"><![CDATA[		'recent' => array('getXmlRecent', 'recent-post'),]]></search>
			<add><![CDATA[		'articles' => array('getXmlArticles', 'article'),
]]></add>
		</operation>

		<operation>
			<search position="after"><![CDATA[function getXmlRecent($xml_format)
{]]></search>
			<add><![CDATA[function getXmlArticles($xml_format)
{
	global $user_info, $scripturl, $modSettings;
	global $smcFunc, $settings, $context;
        
        $MAX_LIMIT = 10;
        
        /*Get the limit*/
        $limit = $_GET['limit'];
        $limit = (int)$limit;
        
        /*Check if the limit is higher than MAX_LIMIT*/
        if ( $limit > $MAX_LIMIT ) {
            $limit = $MAX_LIMIT;
        }

	/* Find the latest articles that */

	$request = $smcFunc['db_query']('','
		SELECT
			a.id_article, a.id_category, a.id_message, a.approved, c.name as cname, c.picture, m.id_member,
			IFNULL(mem.real_name, m.poster_name) AS poster_name, m.icon, m.subject, m.body, m.poster_time,
			m.smileys_enabled, t.id_topic, t.num_replies, t.num_views, t.locked, b.id_board, b.name as bname,
			mem.avatar, at.id_attach, at.attachment_type, at.filename
		FROM {db_prefix}sp_articles AS a
			INNER JOIN {db_prefix}sp_categories AS c ON (c.id_category = a.id_category)
			INNER JOIN {db_prefix}messages AS m ON (m.id_msg = a.id_message)
			INNER JOIN {db_prefix}topics AS t ON (t.id_first_msg = a.id_message)
			INNER JOIN {db_prefix}boards AS b ON (b.id_board = m.id_board)
			LEFT JOIN {db_prefix}members AS mem ON (mem.id_member = m.id_member)
			LEFT JOIN {db_prefix}attachments AS at ON (at.id_member = mem.id_member)
		WHERE {query_see_board}
			AND a.approved = {int:approved}
			AND publish = {int:publish}
		ORDER BY a.id_message DESC
		LIMIT {int:limit}',
		array(
			'approved' => 1,
			'publish' => 1,
			'limit' => $limit,
		)
	);

	$data = array();
	while ($row = $smcFunc['db_fetch_assoc']($request))
	{
		// Limit the length of the message, if the option is set.
		if (!empty($modSettings['xmlnews_maxlen']) && $smcFunc['strlen'](str_replace('<br />', "\n", $row['body'])) > $modSettings['xmlnews_maxlen'])
			$row['body'] = strtr($smcFunc['substr'](str_replace('<br />', "\n", $row['body']), 0, $modSettings['xmlnews_maxlen'] - 3), array("\n" => '<br />')) . '...';

		$row['body'] = parse_bbc($row['body'], $row['smileys_enabled'], $row['id_msg']);

		censorText($row['body']);
		censorText($row['subject']);

		// Being news, this actually makes sense in rss format.
		if ($xml_format == 'rss' || $xml_format == 'rss2')
			$data[] = array(
				'title' => cdata_parse($row['subject']),
				'link' => $scripturl . '?topic=' . $row['id_topic'] . '.0',
				'description' => cdata_parse($row['body']),
				'author' => in_array(showEmailAddress(!empty($row['hide_email']), $row['id_member']), array('yes', 'yes_permission_override')) ? $row['poster_email'] : null,
				'comments' => $scripturl . '?action=post;topic=' . $row['id_topic'] . '.0',
				'category' => $row['cname'],
				'pubDate' => gmdate('D, d M Y H:i:s \G\M\T', $row['poster_time']),
				'guid' => $scripturl . '?topic=' . $row['id_topic'] . '.0',
			);
		elseif ($xml_format == 'rdf')
			$data[] = array(
				'title' => cdata_parse($row['subject']),
				'link' => $scripturl . '?topic=' . $row['id_topic'] . '.0',
				'description' => cdata_parse($row['body']),
			);
		elseif ($xml_format == 'atom')
			$data[] = array(
				'title' => cdata_parse($row['subject']),
				'link' => $scripturl . '?topic=' . $row['id_topic'] . '.0',
				'summary' => cdata_parse($row['body']),
				'category' => array('term' => $row['id_board'], 'label' => cdata_parse($row['cname'])),
				'author' => array(
					'name' => $row['poster_name'],
					'email' => in_array(showEmailAddress(!empty($row['hide_email']), $row['id_member']), array('yes', 'yes_permission_override')) ? $row['poster_email'] : null,
					'uri' => !empty($row['id_member']) ? $scripturl . '?action=profile;u=' . $row['id_member'] : '',
				),
				'published' => gmstrftime('%Y-%m-%dT%H:%M:%SZ', $row['poster_time']),
				'modified' => gmstrftime('%Y-%m-%dT%H:%M:%SZ', empty($row['modified_time']) ? $row['poster_time'] : $row['modified_time']),
				'id' => $scripturl . '?topic=' . $row['id_topic'] . '.0',
				'icon' => $settings['images_url'] . '/icons/' . $row['icon'] . '.gif',
			);
		// The biggest difference here is more information.
		else
			$data[] = array(
				'time' => htmlspecialchars(strip_tags(timeformat($row['poster_time']))),
				'id' => $row['id_topic'],
				'subject' => cdata_parse($row['subject']),
				'body' => cdata_parse($row['body']),
				'poster' => array(
					'name' => cdata_parse($row['poster_name']),
					'id' => $row['id_member'],
					'link' => !empty($row['id_member']) ? $scripturl . '?action=profile;u=' . $row['id_member'] : '',
				),
				'topic' => $row['id_topic'],
				'board' => array(
					'name' => cdata_parse($row['bname']),
					'id' => $row['id_board'],
					'link' => $scripturl . '?board=' . $row['id_board'] . '.0',
				),
				'link' => $scripturl . '?topic=' . $row['id_topic'] . '.0',
			);
	}
	$smcFunc['db_free_result']($request);

	return $data;
}
]]></add>
		</operation>
	</file>
	
</modification>
