<?xml version="1.0"?>
<!DOCTYPE package-info SYSTEM "http://www.simplemachines.org/xml/package-info">

<package-info xmlns="http://www.simplemachines.org/xml/package-info" xmlns:smf="http://www.simplemachines.org/">
	<id>zarej:SP Articles RSS</id>
	<name>SP Articles RSS</name>
	<version>0.2</version>
	<type>modification</type>

	<install for="2.0">
		<readme parsebbc="true">readme.txt</readme>
		<modification type="file">install.xml</modification>
	</install>

	<uninstall for="2.0">
		<modification type="file" reverse="true">install.xml</modification>
	</uninstall>

</package-info>
