<?xml version="1.0"?>
<!DOCTYPE package-info SYSTEM "http://www.simplemachines.org/xml/package-info">
<package-info xmlns="http://www.simplemachines.org/xml/package-info" xmlns:smf="http://www.simplemachines.org/">
	<id>smf:responsive</id>
	<name>Responsive Curve</name>
	<version>1.0 Beta 3</version>
	<type>modification</type>

	<install for="2.0 - 2.0.99">
		<readme type="file" parsebbc="true">readme-english.txt</readme>
		<require-file name="css/responsive.css" destination="$boarddir/Themes/default/css" />
		<require-file name="images/responsive_menu.png" destination="$boarddir/Themes/default/images" />
		<modification type="file">install.xml</modification> 
	</install>

	<uninstall for="2.0 - 2.0.99">
		<modification type="file" reverse="true">install.xml</modification> 
		<remove-file name="$boarddir/Themes/default/css/responsive.css" />
		<remove-file name="$boarddir/Themes/default/images/responsive_menu.png" />
	</uninstall>

</package-info>